<?xml version="1.0" encoding="UTF-8"?>
<GenRun Id="impl_1" LaunchPart="xc7z020clg400-1" LaunchTime="1578482136">
  <File Type="WBT-USG" Name="usage_statistics_webtalk.html"/>
  <File Type="BG-DRC" Name="fir_memo_top.drc"/>
  <File Type="BG-BGN" Name="fir_memo_top.bgn"/>
  <File Type="BITSTR-SYSDEF" Name="fir_memo_top.sysdef"/>
  <File Type="BITSTR-LTX" Name="debug_nets.ltx"/>
  <File Type="BITSTR-LTX" Name="fir_memo_top.ltx"/>
  <File Type="BITSTR-MMI" Name="fir_memo_top.mmi"/>
  <File Type="BITSTR-BMM" Name="fir_memo_top_bd.bmm"/>
  <File Type="BITSTR-NKY" Name="fir_memo_top.nky"/>
  <File Type="BITSTR-RBT" Name="fir_memo_top.rbt"/>
  <File Type="BITSTR-MSK" Name="fir_memo_top.msk"/>
  <File Type="BG-BIN" Name="fir_memo_top.bin"/>
  <File Type="BG-BIT" Name="fir_memo_top.bit"/>
  <File Type="POSTROUTE-PHYSOPT-TIMING-RPX" Name="fir_memo_top_timing_summary_postroute_physopted.rpx"/>
  <File Type="POSTROUTE-PHYSOPT-TIMING-PB" Name="fir_memo_top_timing_summary_postroute_physopted.pb"/>
  <File Type="POSTROUTE-PHYSOPT-TIMING" Name="fir_memo_top_timing_summary_postroute_physopted.rpt"/>
  <File Type="POSTROUTE-PHYSOPT-BLACKBOX-DCP" Name="fir_memo_top_postroute_physopt_bb.dcp"/>
  <File Type="POSTROUTE-PHYSOPT-DCP" Name="fir_memo_top_postroute_physopt.dcp"/>
  <File Type="ROUTE-CLK" Name="fir_memo_top_clock_utilization_routed.rpt"/>
  <File Type="ROUTE-SIMILARITY" Name="fir_memo_top_incremental_reuse_routed.rpt"/>
  <File Type="ROUTE-TIMING-RPX" Name="fir_memo_top_timing_summary_routed.rpx"/>
  <File Type="ROUTE-TIMING-PB" Name="fir_memo_top_timing_summary_routed.pb"/>
  <File Type="ROUTE-TIMINGSUMMARY" Name="fir_memo_top_timing_summary_routed.rpt"/>
  <File Type="ROUTE-STATUS-PB" Name="fir_memo_top_route_status.pb"/>
  <File Type="ROUTE-STATUS" Name="fir_memo_top_route_status.rpt"/>
  <File Type="ROUTE-PWR-RPX" Name="fir_memo_top_power_routed.rpx"/>
  <File Type="INIT-TIMING" Name="fir_memo_top_timing_summary_init.rpt"/>
  <File Type="OPT-DRC" Name="fir_memo_top_drc_opted.rpt"/>
  <File Type="OPT-DCP" Name="fir_memo_top_opt.dcp"/>
  <File Type="OPT-METHODOLOGY-DRC" Name="fir_memo_top_methodology_drc_opted.rpt"/>
  <File Type="PLACE-PRE-SIMILARITY" Name="fir_memo_top_incremental_reuse_pre_placed.rpt"/>
  <File Type="OPT-HWDEF" Name="fir_memo_top.hwdef"/>
  <File Type="OPT-TIMING" Name="fir_memo_top_timing_summary_opted.rpt"/>
  <File Type="REPORTS-TCL" Name="fir_memo_top_reports.tcl"/>
  <File Type="PWROPT-DCP" Name="fir_memo_top_pwropt.dcp"/>
  <File Type="PWROPT-DRC" Name="fir_memo_top_drc_pwropted.rpt"/>
  <File Type="RDI-RDI" Name="fir_memo_top.vdi"/>
  <File Type="PWROPT-TIMING" Name="fir_memo_top_timing_summary_pwropted.rpt"/>
  <File Type="PLACE-IO" Name="fir_memo_top_io_placed.rpt"/>
  <File Type="PA-TCL" Name="fir_memo_top.tcl"/>
  <File Type="PLACE-DCP" Name="fir_memo_top_placed.dcp"/>
  <File Type="PLACE-CLK" Name="fir_memo_top_clock_utilization_placed.rpt"/>
  <File Type="PLACE-TIMING" Name="fir_memo_top_timing_summary_placed.rpt"/>
  <File Type="PLACE-UTIL" Name="fir_memo_top_utilization_placed.rpt"/>
  <File Type="POSTPLACE-PWROPT-TIMING" Name="fir_memo_top_timing_summary_postplace_pwropted.rpt"/>
  <File Type="PLACE-UTIL-PB" Name="fir_memo_top_utilization_placed.pb"/>
  <File Type="PHYSOPT-TIMING" Name="fir_memo_top_timing_summary_physopted.rpt"/>
  <File Type="PLACE-CTRL" Name="fir_memo_top_control_sets_placed.rpt"/>
  <File Type="PLACE-SIMILARITY" Name="fir_memo_top_incremental_reuse_placed.rpt"/>
  <File Type="POSTPLACE-PWROPT-DCP" Name="fir_memo_top_postplace_pwropt.dcp"/>
  <File Type="PHYSOPT-DCP" Name="fir_memo_top_physopt.dcp"/>
  <File Type="PHYSOPT-DRC" Name="fir_memo_top_drc_physopted.rpt"/>
  <File Type="ROUTE-ERROR-DCP" Name="fir_memo_top_routed_error.dcp"/>
  <File Type="ROUTE-DCP" Name="fir_memo_top_routed.dcp"/>
  <File Type="ROUTE-BLACKBOX-DCP" Name="fir_memo_top_routed_bb.dcp"/>
  <File Type="ROUTE-DRC" Name="fir_memo_top_drc_routed.rpt"/>
  <File Type="ROUTE-METHODOLOGY-DRC" Name="fir_memo_top_methodology_drc_routed.rpt"/>
  <File Type="ROUTE-DRC-PB" Name="fir_memo_top_drc_routed.pb"/>
  <File Type="ROUTE-METHODOLOGY-DRC-PB" Name="fir_memo_top_methodology_drc_routed.pb"/>
  <File Type="ROUTE-DRC-RPX" Name="fir_memo_top_drc_routed.rpx"/>
  <File Type="ROUTE-PWR" Name="fir_memo_top_power_routed.rpt"/>
  <File Type="ROUTE-METHODOLOGY-DRC-RPX" Name="fir_memo_top_methodology_drc_routed.rpx"/>
  <File Type="ROUTE-PWR-SUM" Name="fir_memo_top_power_summary_routed.pb"/>
  <FileSet Name="sources" Type="DesignSrcs" RelSrcDir="$PSRCDIR/sources_1">
    <Filter Type="Srcs"/>
    <File Path="$PPRDIR/src/adda_firtop.vhd">
      <FileInfo>
        <Attr Name="UsedIn" Val="synthesis"/>
        <Attr Name="UsedIn" Val="simulation"/>
      </FileInfo>
    </File>
    <File Path="$PPRDIR/src/dp_ram_byte0.vhd">
      <FileInfo>
        <Attr Name="UsedIn" Val="synthesis"/>
        <Attr Name="UsedIn" Val="simulation"/>
      </FileInfo>
    </File>
    <File Path="$PPRDIR/src/dp_ram_byte1.vhd">
      <FileInfo>
        <Attr Name="UsedIn" Val="synthesis"/>
        <Attr Name="UsedIn" Val="simulation"/>
      </FileInfo>
    </File>
    <File Path="$PPRDIR/src/dp_ram_byte2.vhd">
      <FileInfo>
        <Attr Name="UsedIn" Val="synthesis"/>
        <Attr Name="UsedIn" Val="simulation"/>
      </FileInfo>
    </File>
    <File Path="$PPRDIR/src/dp_ram_byte3.vhd">
      <FileInfo>
        <Attr Name="UsedIn" Val="synthesis"/>
        <Attr Name="UsedIn" Val="simulation"/>
      </FileInfo>
    </File>
    <File Path="$PPRDIR/src/fir_serial_coeffs.vhd">
      <FileInfo>
        <Attr Name="UsedIn" Val="synthesis"/>
        <Attr Name="UsedIn" Val="simulation"/>
      </FileInfo>
    </File>
    <File Path="$PPRDIR/src/fsm_pmodda3.vhd">
      <FileInfo>
        <Attr Name="UsedIn" Val="synthesis"/>
        <Attr Name="UsedIn" Val="simulation"/>
      </FileInfo>
    </File>
    <File Path="$PPRDIR/src/gen_reg24.vhd">
      <FileInfo>
        <Attr Name="UsedIn" Val="synthesis"/>
        <Attr Name="UsedIn" Val="simulation"/>
      </FileInfo>
    </File>
    <File Path="$PPRDIR/src/gen_reg32.vhd">
      <FileInfo>
        <Attr Name="UsedIn" Val="synthesis"/>
        <Attr Name="UsedIn" Val="simulation"/>
      </FileInfo>
    </File>
    <File Path="$PPRDIR/src/mem_top.vhd">
      <FileInfo>
        <Attr Name="UsedIn" Val="synthesis"/>
        <Attr Name="UsedIn" Val="simulation"/>
      </FileInfo>
    </File>
    <File Path="$PPRDIR/src/reg_par.vhd">
      <FileInfo>
        <Attr Name="UsedIn" Val="synthesis"/>
        <Attr Name="UsedIn" Val="simulation"/>
      </FileInfo>
    </File>
    <File Path="$PPRDIR/src/spi_ad5541.vhd">
      <FileInfo>
        <Attr Name="UsedIn" Val="synthesis"/>
        <Attr Name="UsedIn" Val="simulation"/>
      </FileInfo>
    </File>
    <File Path="$PPRDIR/src/sreg_fir.vhd">
      <FileInfo>
        <Attr Name="UsedIn" Val="synthesis"/>
        <Attr Name="UsedIn" Val="simulation"/>
      </FileInfo>
    </File>
    <File Path="$PPRDIR/src/fir_memo_top.vhd">
      <FileInfo>
        <Attr Name="UsedIn" Val="synthesis"/>
        <Attr Name="UsedIn" Val="simulation"/>
      </FileInfo>
    </File>
    <File Path="$PPRDIR/component.xml">
      <FileInfo SFType="IPXACT"/>
    </File>
    <File Path="$PPRDIR/src/fir_memo_top_0/fir_memo_top_0.xci">
      <FileInfo>
        <Attr Name="AutoDisabled" Val="1"/>
        <Attr Name="UsedIn" Val="synthesis"/>
        <Attr Name="UsedIn" Val="implementation"/>
        <Attr Name="UsedIn" Val="simulation"/>
      </FileInfo>
    </File>
    <File Path="$PSRCDIR/sources_1/bd/design_1/design_1.bd">
      <FileInfo>
        <Attr Name="AutoDisabled" Val="1"/>
        <Attr Name="UsedIn" Val="synthesis"/>
        <Attr Name="UsedIn" Val="implementation"/>
        <Attr Name="UsedIn" Val="simulation"/>
      </FileInfo>
    </File>
    <Config>
      <Option Name="DesignMode" Val="RTL"/>
      <Option Name="TopModule" Val="fir_memo_top"/>
      <Option Name="TopRTLFile" Val="$PPRDIR/src/fir_memo_top.vhd"/>
    </Config>
  </FileSet>
  <FileSet Name="constrs_in" Type="Constrs" RelSrcDir="$PSRCDIR/constrs_1">
    <Filter Type="Constrs"/>
    <File Path="$PPRDIR/src/Z7010 or Z7020 MicroZed with MBCC-IO-PCB-D_v2.xdc">
      <FileInfo>
        <Attr Name="UsedIn" Val="synthesis"/>
        <Attr Name="UsedIn" Val="implementation"/>
      </FileInfo>
    </File>
    <Config>
      <Option Name="ConstrsType" Val="XDC"/>
    </Config>
  </FileSet>
  <Strategy Version="1" Minor="2">
    <StratHandle Name="Vivado Implementation Defaults" Flow="Vivado Implementation 2017"/>
    <Step Id="init_design"/>
    <Step Id="opt_design"/>
    <Step Id="power_opt_design"/>
    <Step Id="place_design"/>
    <Step Id="post_place_power_opt_design"/>
    <Step Id="phys_opt_design"/>
    <Step Id="route_design"/>
    <Step Id="post_route_phys_opt_design"/>
    <Step Id="write_bitstream"/>
  </Strategy>
</GenRun>
